{
  "intents": [
    {
      "tag": "greeting",
      "patterns": ["Hi", "Hello", "Hey"],
      "responses": ["Hello! How can I assist you today?", "Hi there! What can I do for you?", "Hey! How may I help you?"]
    },
    {
      "tag": "goodbye",
      "patterns": ["Bye", "Goodbye", "See you later", "wrap", "wrap up"],
      "responses": ["Goodbye! Have a great day!", "Bye! Take care!", "See you later!"]
    },
    {
      "tag": "thanks",
      "patterns": ["Thank you", "Thanks a lot", "Thanks", "thankyou", "thanku"],
      "responses": ["You're welcome!", "No problem!", "Glad I could help!"]
    },
    {
      "tag": "definition",
      "patterns": [
        "What is a cyclone?",
        "Define cyclone",
        "Can you explain cyclones?"
      ],
      "responses": [
        "A cyclone is a powerful weather system that forms over warm ocean waters. It's characterized by strong winds circling a low-pressure center, heavy rainfall, and storm surges."
      ],
      "questions": [
        "What are the main features of a cyclone?",
        "What kind of damage can cyclones cause?"
      ],
      "answers": [
        "Cyclones bring strong winds, torrential rain, and storm surges that can cause widespread destruction. They can damage buildings, infrastructure, and crops, and lead to flooding and landslides.",
        "Cyclones are one of the most powerful weather phenomena and can cause significant loss of life and property."
      ],
      "context": [
        ""
      ]
    },
    {
      "tag": "cyclone india",
      "patterns": [
        "Are cyclones common in India?",
        "Where do cyclones hit in India?",
        "What's the cyclone season in India?"
      ],
      "responses": [
        "Yes, India is one of the areas most affected by cyclones globally. The Bay of Bengal sees more cyclones than the Arabian Sea."
      ],
      "questions": [
        "Why is India prone to cyclones?",
        "What are the dangers of cyclones in India?"
      ],
      "answers": [
        "India's long coastline and warm ocean temperatures create ideal conditions for cyclone formation.",
        "Cyclones bring strong winds, storm surges that can inundate coastal areas, and heavy rainfall that can lead to flooding. These factors can cause widespread damage and loss of life."
      ],
      "context": [
        ""
      ]
    },
    {
      "tag": "cyclone preparation",
      "patterns": [
        "How can I prepare for a cyclone?",
        "What's in a cyclone emergency kit?",
        "What should I do if a cyclone warning is issued?"
      ],
      "responses": [
        "It's important to stay informed and follow instructions from local authorities. Prepare an emergency kit with essentials like food, water, first-aid supplies, and a battery-powered radio."
      ],
      "questions": [
        "Where can I find information about cyclone warnings?",
        "What are some safety tips during a cyclone?"
      ],
      "answers": [
        "Local authorities and weather websites will provide warnings and updates. You can also download emergency apps from government agencies.",
        "Stay indoors during the storm, away from windows and doors. If you live in a low-lying area, evacuate to higher ground if instructed by authorities."
      ],
      "context": [
        ""
      ]
    },
    {
      "tag": "tropical cyclone",
      "patterns": [
        "What is a tropical cyclone?",
        "Define tropical cyclone"
      ],
      "responses": [
        "A tropical cyclone is an intense circular storm that originates over warm tropical oceans. It is characterized by low atmospheric pressure, high winds, and heavy rain. Tropical cyclones generate winds that exceed 119 km/h (74 miles per hour) and may produce devastating storm surges."
      ],
      "questions": [
        "What is a tropical cyclone?",
        "Can you define the term 'tropical cyclone' for me?",
        "What does the word 'tropical cyclone' mean?",
        "Can you explain what a tropical cyclone is?",
        "What are the main characteristics of a tropical cyclone?"
      ],
      "answers": [
        "A tropical cyclone is an intense circular storm that originates over warm tropical oceans. It is characterized by low atmospheric pressure, high winds, and heavy rain. Tropical cyclones generate winds that exceed 119 km/h (74 miles per hour) and may produce devastating storm surges.",
        "A tropical cyclone is a type of weather system that forms over warm ocean waters and is characterized by low atmospheric pressure, high winds, and heavy rain.",
        "A tropical cyclone is a large-scale air mass that forms over warm ocean waters and is characterized by low atmospheric pressure and high winds. It is also known as a hurricane or a typhoon.",
        "A tropical cyclone is a large-scale weather system that forms over warm ocean waters and is characterized by low atmospheric pressure, high winds, and heavy rain. It is known as a hurricane in the Atlantic and eastern Pacific Oceans and as a typhoon in the western Pacific Ocean.",
        "A tropical cyclone is a low-pressure weather system that forms over warm tropical waters. It is characterized by strong winds, heavy rain, and storm surges. Tropical cyclones are classified into different categories based on their maximum sustained wind speeds, such as tropical depressions, tropical storms, and hurricanes or typhoons."
      ],
      "context": [
        "tropical cyclone",
        "weather system",
        "air mass",
        "low pressure",
        "warm ocean waters"
      ]
    },
    {
      "tag": "hurricane",
      "patterns": [
        "What is a hurricane?",
        "Define hurricane"
      ],
      "responses": [
        "A hurricane is a type of tropical cyclone that forms in the Atlantic and eastern Pacific Oceans. It is characterized by low atmospheric pressure, high winds, and heavy rain."
      ],
      "questions": [
        "What is a hurricane?",
        "Can you define the term 'hurricane' for me?",
        "What does the word 'hurricane' mean?",
        "Can you explain what a hurricane is?",
        "What are the main characteristics of a hurricane?"
      ],
      "answers": [
        "A hurricane is a type of tropical cyclone that forms in the Atlantic and eastern Pacific Oceans. It is characterized by low atmospheric pressure, high winds, and heavy rain.",
        "A hurricane is a type of weather system that forms in the Atlantic and eastern Pacific Oceans and is characterized by low atmospheric pressure, high winds, and heavy rain.",
        "A hurricane is a large-scale air mass that forms in the Atlantic and eastern Pacific Oceans and is characterized by low atmospheric pressure, high winds, and heavy rain.",
        "A hurricane is a large-scale weather system that forms in the Atlantic and eastern Pacific Oceans and is characterized by low atmospheric pressure, high winds, and heavy rain. It is also known as a typhoon in the western Pacific Ocean.",
        "A hurricane is a type of tropical cyclone that forms in the Atlantic and eastern Pacific Oceans. It is characterized by sustained winds of at least 119 km/h (74 miles per hour) and may produce devastating storm surges and flooding."
      ],
      "context": [
        "hurricane",
        "weather system",
        "air mass"
      ]
    },
    {
      "tag": "precautions_before_cyclone",
      "patterns": [
        "What precautions should we take before a cyclone?",
        "How to prepare for a cyclone?",
        "What should I do before cyclone hits?"
      ],
      "responses": [
        "Here are some precautions you should take before a cyclone:\n 1. Stay Informed: Keep yourself updated with the latest weather updates and advisories issued by the meteorological department. \n 2. Prepare an Emergency Kit:  Put together an emergency kit that includes essential items such as non-perishable food, water, first-aid supplies, flashlight, batteries, and important documents. \n 3. Secure Your Home: Secure your home by closing all windows and doors, reinforcing any weak areas, and moving valuable items to a safe location. \n 4. Protect Important Documents: Keep important documents such as birth certificates, insurance policies, and identification cards in a waterproof container. \n 5. Plan for Evacuation: If you live in a low-lying area or a flood-prone area, make arrangements for evacuation in advance. Identify a safe location and plan your route. \n 6. Check on Neighbors: Check on your neighbors, especially the elderly and disabled, to ensure they are prepared for the cyclone. \n 7. Secure Outdoor Furniture: Secure any outdoor furniture or other items that could become projectiles during the cyclone. \n 8. Fill Vehicle Fuel Tank: Make sure your vehicle's fuel tank is full in case you need to evacuate. \n 9. Charge Devices: Charge your mobile devices and have backup batteries available. \n 10. Unplug Appliances: Unplug electrical appliances to prevent damage from power surges. \n 11. Follow Instructions: Follow the instructions of local authorities and evacuate if ordered to do so. \n 12. Stay Indoors: Once the cyclone hits, stay indoors and avoid going outside until the all-clear is given. \n 13. Take Shelter: If you are unable to evacuate, take shelter in the strongest part of your home, such as a basement or interior room. \n 14. Avoid Flooded Areas: Avoid flooded areas and never attempt to drive through floodwaters. \n 15. Stay Informed: Continue to monitor weather updates and advisories for any further information."
      ],
      "questions": [
        "What should I do before a cyclone?",
        "How should I prepare for a cyclone?",
        "What precautions should I take before a cyclone?"
      ],
      "answers": [
        "Here are some key points to remember before a cyclone: \n - Stay informed about weather updates and advisories. \n - Prepare an emergency kit with essentials. \n - Secure your home and belongings. \n - Protect important documents in a waterproof container. \n - Plan for evacuation if you live in a high-risk area. \n - Check on your neighbors, especially vulnerable individuals. \n - Secure outdoor furniture and potential projectiles. \n - Fill your vehicle's fuel tank for possible evacuation. \n - Charge your devices and have backup batteries. \n - Unplug appliances to avoid power surge damage. \n - Follow instructions from local authorities. \n - Stay indoors during the cyclone and take shelter. \n - Avoid flooded areas and never drive through floodwaters. \n - Stay informed about the latest weather updates."
      ],
      "context": [
        "cyclone",
        "safety",
        "precautions",
        "emergency kit",
        "evacuation",
        "important documents"
      ]
    },
    {
      "tag": "precautions after cyclone",
      "patterns": [
        "What should I do after a cyclone?",
        "What precautions should I take after a cyclone hits?",
        "How to stay safe after a cyclone?"
      ],
      "responses": [
        "Here are some precautions you should take after a cyclone:\n 1. Wait for the All Clear:  Wait for the official 'all clear' signal from local authorities before venturing outside. \n 2. Beware of Damaged Structures:  Avoid entering damaged buildings as they may be structurally unsound. \n 3. Watch for Downed Power Lines:  Be cautious of downed power lines and electrical wires, as they pose a serious electrocution hazard. \n 4. Report Gas Leaks:  If you smell gas, report it to the authorities immediately. Do not attempt to turn on any appliances. \n 5. Boil Drinking Water:  Boil all drinking water for at least one minute to kill any potential contaminants. \n 6. Beware of Flooded Areas:  Avoid flooded areas and standing water, as they may be contaminated or contain hidden dangers. \n 7. Wear Protective Clothing:  Wear sturdy shoes and gloves when cleaning up debris to protect yourself from injuries. \n 8. Take Photos of Damage:  Document any property damage with photos for insurance purposes. \n 9. Help Others:  Assist your neighbors and community members who may need help with cleanup or recovery efforts."
      ],
      "questions": [
        "What to do after a cyclone",
        "Safety precautions after a cyclone",
        "How to recover after a cyclone?"
      ],
      "answers": [
        "Following a cyclone, prioritize your safety. Wait for the official all-clear before going outside. Damaged buildings and downed power lines pose hazards. Report gas leaks and boil drinking water. Avoid flooded areas and wear protective clothing while cleaning up. Document damage and help others in your community."
      ],
      "context": [
        "cyclone",
        "safety",
        "precautions",
        "recovery",
        "damage",
        "flooded areas"
      ]
    },
    {
      "tag": "precautions_after_cyclone",
      "patterns": [
        "What should I do after a cyclone?",
        "What precautions should I take after a cyclone hits?",
        "How to stay safe after a cyclone?"
      ],
      "responses": [
        "Here are some precautions you should take after a cyclone:\n 1. Wait for the All Clear:  Wait for the official 'all clear' signal from local authorities before venturing outside. \n 2. Beware of Damaged Structures:  Avoid entering damaged buildings as they may be structurally unsound. \n 3. Watch for Downed Power Lines:  Be cautious of downed power lines and electrical wires, as they pose a serious electrocution hazard. \n 4. Report Gas Leaks:  If you smell gas, report it to the authorities immediately. Do not attempt to turn on any appliances. \n 5. Boil Drinking Water:  Boil all drinking water for at least one minute to kill any potential contaminants. \n 6. Beware of Flooded Areas:  Avoid flooded areas and standing water, as they may be contaminated or contain hidden dangers. \n 7. Wear Protective Clothing:  Wear sturdy shoes and gloves when cleaning up debris to protect yourself from injuries. \n 8. Take Photos of Damage:  Document any property damage with photos for insurance purposes. \n 9. Help Others:  Assist your neighbors and community members who may need help with cleanup or recovery efforts."
      ],
      "questions": [
        "What to do after a cyclone",
        "Safety precautions after a cyclone",
        "How to recover after a cyclone?"
      ],
      "answers": [
        "Following a cyclone, prioritize your safety. Wait for the official all-clear before going outside. Damaged buildings and downed power lines pose hazards. Report gas leaks and boil drinking water. Avoid flooded areas and wear protective clothing while cleaning up. Document damage and help others in your community."
      ],
      "context": [
        "cyclone",
        "safety",
        "precautions",
        "recovery",
        "damage",
        "flooded areas"
      ]
    },
    {
      "tag": "recovery_and_build",
      "patterns": [
        "What to do after the 'All Clear' is issued following a cyclone?",
        "What precautions should I take during the recovery phase after a cyclone?",
        "How to ensure safety and recovery after a cyclone?"
      ],
      "responses": [
        "After the 'All Clear' is issued following a cyclone, pay attention to the following recovery measures:\n 1. Check Road Conditions: Ensure that roads leading to your home are recommended for travel by local authorities before heading back.\n 2. Assess Power Lines: Verify the safety of power lines before using electricity to prevent electrocution hazards.\n 3. Confirm Transport Arrangements: Use approved transportation arrangements provided by authorities for safe travel.\n 4. Ensure Drinking Water: Confirm the availability of pure drinking water from safe sources to prevent waterborne illnesses.\n 5. Check Sewage Lines: Ensure that sewage lines are functioning properly to maintain sanitation and prevent contamination.\n 6. Watch for Epidemics: Stay informed about any epidemic spread in the area and take necessary precautions to prevent disease transmission.\n 7. Ensure Neighbor Safety: Check on the safety of your neighbors to provide assistance if needed and foster community support during recovery."
      ],
      "questions": [
        "What to do after the 'All Clear' is issued following a cyclone?",
        "How to ensure safety and recovery after a cyclone?"
      ],
      "answers": [
        "After the 'All Clear' is issued following a cyclone, prioritize safety and recovery by checking road conditions, assessing power lines, confirming transport arrangements, ensuring drinking water, checking sewage lines, watching for epidemics, and ensuring neighbor safety."
      ],
      "context": [
        "recovery",
        "safety",
        "cyclone aftermath",
        "precautions",
        "neighbor safety",
        "transportation",
        "drinking water",
        "power lines"
      ]
    },
    {
      "tag": "emergency_kit",
      "patterns": [
        "What should be included in an emergency kit?",
        "What items are essential for an emergency kit?",
        "What should I pack in my emergency kit?"
      ],
      "responses": [
        "An emergency kit should include the following items:\n 1. Battery Operated Torch\n 2. Extra Batteries\n 3. Battery Operated Radio\n 4. First Aid Kit and Essential Medicines\n 5. Important Papers (Ration Card, Voter ID Card, Aadhar Card, etc.)\n 6. Emergency Food (Dry Items) and Water (Packed and Sealed)\n 7. Candles and Matches in a Waterproof Container\n 8. Knife\n 9. Chlorine Tablets or Powdered Water Purifiers\n 10. Cash, Aadhar Card, and Ration Card\n 11. Thick Ropes and Cords\n 12. Shoes"
      ],
      "questions": [
        "What should be included in an emergency kit?",
        "What items are essential for an emergency kit?"
      ],
      "answers": [
        "An emergency kit should include items such as a battery-operated torch, extra batteries, a battery-operated radio, first aid kit, important documents, emergency food and water, candles, matches, a knife, water purifiers, cash, ropes, cords, and shoes."
      ],
      "context": [
        "emergency preparedness",
        "emergency supplies",
        "survival kit",
        "emergency essentials"
      ]
    },
    {
      "tag": "plate_tectonics",
      "patterns": [
        "What is plate tectonics?",
        "Explain the concept of plate tectonics.",
        "How do plate tectonics work?"
      ],
      "responses": [
        "Plate tectonics is the scientific theory that describes the movement and interaction of Earth's lithospheric plates. These plates, which make up the Earth's outer shell, move around on the semi-fluid asthenosphere beneath them. The movement is primarily driven by the flow of mantle material, and it causes various geological phenomena such as earthquakes, volcanoes, and mountain formation."
      ],
      "questions": [
        "What are the major plates of Earth's lithosphere?",
        "How many types of plate boundaries are there?",
        "What causes earthquakes in the context of plate tectonics?",
        "Why do tsunamis occur in some plate boundary interactions?"
      ],
      "answers": [
        "The major plates of Earth's lithosphere include the Pacific Plate, North American Plate, Eurasian Plate, African Plate, South American Plate, Antarctic Plate, and Indo-Australian Plate.",
        "There are three main types of plate boundaries: divergent boundaries, convergent boundaries, and transform boundaries.",
        "Earthquakes occur in plate tectonics due to stress and friction at plate boundaries, which prevent smooth movement and result in the sudden release of energy in the form of seismic waves.",
        "Tsunamis occur in some plate boundary interactions, such as at convergent boundaries where one plate is forced beneath another, because vertical motion generates large, destructive ocean waves."
      ],
      "context": [
        "geology",
        "earth science",
        "plate boundaries",
        "earthquakes",
        "tsunamis",
        "volcanoes"
      ]
    },
    {
      "tag": "tsunami_management_guidelines",
      "patterns": [
        "What are the Tsunami Risk Management Guidelines formulated after the 2004 tsunami?",
        "Can you explain the recommendations of the NDMA's Tsunami Risk Management Guidelines?",
        "What measures are outlined in the Tsunami Risk Management Guidelines?"
      ],
      "responses": [
        "The Tsunami Risk Management Guidelines were formulated by NDMA in response to the 2004 tsunami. They outline inter-agency roles and responsibilities, preparedness, mitigation, and response strategies for managing tsunami risks. The guidelines focus on awareness generation, capacity building, education, training, and research & development. They also address effective dissemination of tsunami alert messages, structural mitigation measures, construction standards, land use practices, bioshields, mangrove regeneration, and emergency response mechanisms. Additionally, the guidelines emphasize mainstreaming tsunami risk management into disaster management plans as per the Disaster Management Act 2005."
      ],
      "questions": [
        "What prompted the formulation of the Tsunami Risk Management Guidelines by NDMA?",
        "What are the key components of the Tsunami Risk Management Guidelines?",
        "How do the Guidelines recommend addressing structural mitigation measures?",
        "What role does the Disaster Management Act 2005 play in mainstreaming tsunami risk management?"
      ],
      "answers": [
        "The Tsunami Risk Management Guidelines were prompted by the 2004 tsunami.",
        "The key components of the Guidelines include inter-agency roles, awareness generation, capacity building, alert dissemination, structural mitigation, construction standards, land use practices, emergency response mechanisms, and mainstreaming into disaster management plans.",
        "The Guidelines recommend strategies for designing and constructing new structures to withstand tsunamis, as well as protecting lifeline and priority structures along the seafront.",
        "The Disaster Management Act 2005 is utilized to mainstream concerns of tsunami risk management into disaster management plans at various levels."
      ],
      "context": [
        "tsunami",
        "risk management",
        "NDMA",
        "guidelines",
        "emergency response",
        "disaster management"
      ]
    },
    {
      "tag": "tsunami_risk_management",
      "patterns": [
        "What are the Tsunami Risk Management Guidelines?",
        "How does India manage tsunami risks?",
        "What is NDMA's role in tsunami preparedness?",
        "What are the measures to reduce tsunami risk in India?"
      ],
      "responses": [
        "The National Disaster Management Authority (NDMA) formulated Tsunami Risk Management Guidelines following the 2004 tsunami. These guidelines outline various actions to improve India's preparedness for tsunamis."
      ],
      "questions": [
        "What do the Tsunami Risk Management Guidelines cover?",
        "How do the guidelines promote awareness and preparedness?",
        "What are some structural mitigation measures in the guidelines?",
        "How do the guidelines encourage community involvement?"
      ],
      "answers": [
        "The Tsunami Risk Management Guidelines cover a range of aspects, including:\n * Inter-agency roles and responsibilities\n * Tsunami risk preparedness, mitigation, and response \n * Public awareness generation \n * Capacity building through education and training \n * Research and development for better risk management \n * Effective dissemination of tsunami alerts \n * Structural mitigation measures for new and existing structures \n * Promoting community involvement in disaster preparedness",
        "The guidelines promote awareness and preparedness through:\n * Public education campaigns \n * Training programs for communities and officials \n * Development of hazard maps and evacuation plans",
        "Structural mitigation measures include:\n * Guidance on design and construction of new tsunami-resistant structures \n * Strategies to protect critical infrastructure along the coast",
        "The guidelines encourage community involvement by:\n * Recommending participation in bioshield development (planting trees/mangroves) \n * Supporting efficient land-use practices \n * Highlighting the role of local volunteers and disaster response forces"
      ],
      "context": [
        "tsunami",
        "risk management",
        "NDMA",
        "preparedness",
        "mitigation",
        "response",
        "awareness",
        "community"
      ]
    },
    {
      "tag": "recover_and_build_guidelines",
      "patterns": [
        "What are the recovery and building guidelines after a disaster?",
        "Can you explain the steps to recover and build after a disaster?",
        "What precautions should be taken during the recovery and building phase?"
      ],
      "responses": [
        "The recovery and building guidelines after a disaster include the following steps:\n 1. Stay Informed: Continue to monitor weather updates and emergency information through a weather radio, Coast Guard station, or local media.\n 2. Check for Injuries: Assess yourself and others for injuries and provide first aid if necessary before assisting others.\n 3. Call for Professional Help: If someone needs rescue, call professionals with appropriate equipment to avoid further risks.\n 4. Assist Vulnerable Individuals: Help people who require special assistance, such as infants, elderly, disabled, or those without transportation.\n 5. Avoid Disaster Areas: Stay away from disaster areas to avoid hampering rescue operations and additional risks.\n 6. Limit Phone Usage: Use the telephone only for emergency calls to keep lines clear for essential communications.\n 7. Stay Out of Flooded Buildings: Avoid entering buildings surrounded by water as they may be structurally compromised.\n 8. Use Caution When Re-entering: Exercise caution when re-entering buildings, and wear protective clothing to prevent injuries.\n 9. Check for Hazards: Inspect buildings for potential hazards such as fire, gas leaks, electrical damage, and sewage issues.\n 10. Document Damage: Take photos of the damage for insurance claims and open windows and doors to aid in drying.\n 11. Clear Debris: Remove mud and debris before it solidifies to facilitate cleanup.\n 12. Check Food Supplies: Discard any food that may have come into contact with floodwater as it may be contaminated.\n 13. Prepare for Aftershocks: Expect aftershocks and stay vigilant, especially if the earthquake was of significant magnitude.\n 14. Monitor Animals: Keep animals under control and watch for any signs of distress or injury."
      ],
      "questions": [
        "What are the key steps to recovery and building after a disaster?",
        "How should one assess injuries and provide first aid during the recovery phase?",
        "What precautions should be taken before re-entering a building after a disaster?",
        "What hazards should be checked for when re-entering a building after a disaster?"
      ],
      "answers": [
        "The key steps to recovery and building after a disaster include staying informed, checking for injuries, calling for professional help, assisting vulnerable individuals, avoiding disaster areas, limiting phone usage, staying out of flooded buildings, using caution when re-entering, checking for hazards, documenting damage, clearing debris, checking food supplies, preparing for aftershocks, and monitoring animals.",
        "To assess injuries during the recovery phase, individuals should check themselves and others for any wounds or injuries and provide appropriate first aid before assisting others.",
        "Before re-entering a building after a disaster, individuals should exercise caution, wear protective clothing, and carefully inspect the premises for any structural damage or hazards.",
        "Hazards to check for when re-entering a building after a disaster include fire risks, gas leaks, electrical damage, sewage issues, loose debris, and contaminated food supplies."
      ],
      "context": [
        "disaster recovery",
        "building guidelines",
        "emergency response",
        "precautions",
        "hazard assessment",
        "injury assessment"
      ]
    },
    {
      "tag": "flood_preparedness",
      "patterns": [
        "How can I prepare for a flood?",
        "What should I have in a flood preparedness kit?",
        "What to do before a flood warning",
        "Tips to protect my home from flooding"
      ],
      "responses": [
        "Being prepared for a flood can minimize damage and ensure your safety. Here are some key steps for flood preparedness:\n  1. Develop a Flood Plan: Discuss and create a plan with your family that outlines evacuation routes, communication strategies, and meeting points in case of a flood.\n  2. Assemble a Flood Preparedness Kit:  Gather essential supplies like non-perishable food, bottled water, first-aid kit, medications, flashlight, batteries, sanitation items, and important documents in a waterproof container."
      ],
      "questions": [
        "What's included in a flood preparedness kit?",
        "How can I protect my property from flood damage?",
        "What should I do if a flood warning is issued?",
        "What are some evacuation tips during a flood?"
      ],
      "answers": [
        "A flood preparedness kit should include:\n * Non-perishable food and bottled water for at least 3 days\n * First-aid kit and any necessary medications\n * Flashlight and extra batteries\n * Cash\n * Sanitation items like wipes and hygiene products\n * Important documents in waterproof containers\n * Battery-powered radio\n * Maps\n * Cell phone charger\n * Consider including items for pets as well.",
        "Here are some ways to protect your property from flood damage:\n * Elevate belongings and furniture in flood-prone areas.\n * Install flood barriers around doorways and basements.\n * Backflow prevention valves can be installed on plumbing to prevent sewage backup.\n * Consider flood insurance for additional protection.",
        "If a flood warning is issued, listen to local authorities and follow their instructions. Here are some additional tips:\n * Stay informed about the flood situation through weather updates and emergency broadcasts.\n * Move valuables and important documents to higher ground.\n * Turn off utilities if instructed to do so.\n * Evacuate if advised or if floodwaters begin to rise around your home.",
        "Evacuation tips during a flood:\n * Follow designated evacuation routes and avoid flooded areas.\n * Do not drive through flooded roadways.\n * Listen to instructions from emergency personnel.\n * If stranded, stay calm and seek help by calling emergency services."
      ],
      "context": [
        "flood",
        "preparedness",
        "prevention",
        "evacuation",
        "flood kit"
      ]
    },
    {
      "tag": "earthquake_safety",
      "patterns": [
        "What to do during an earthquake?",
        "How to protect yourself during an earthquake?",
        "Earthquake safety tips for home",
        "What's the safest place to be during an earthquake?"
      ],
      "responses": [
        "Earthquakes can be frightening, but knowing how to react can keep you safe. Here are some earthquake safety tips:\n  1. Drop, Cover, and Hold On: If you feel the ground shaking, **Drop** to the ground, take **Cover** under a sturdy table or desk, and **Hold On** until the shaking stops. \n  2. Stay Away from Hazards: Avoid windows, mirrors, and hanging objects that could fall and injure you."
      ],
      "questions": [
        "What to do after an earthquake?",
        "How to prepare your home for an earthquake?",
        "What are some earthquake safety myths?",
        "Should I run outside during an earthquake?"
      ],
      "answers": [
        "After an earthquake:\n * Check for injuries and help others if possible.\n * Be aware of potential aftershocks.\n * Listen to instructions from emergency personnel.\n * Inspect your home for damage and avoid entering if there are structural issues.\n * Report any gas leaks or electrical hazards.",
        "Here's how to prepare your home for an earthquake:\n * Secure furniture and heavy objects to walls.\n * Install breakaway straps for cabinets.\n * Identify safe zones in each room, like under sturdy tables.\n * Have a designated earthquake preparedness kit ready.",
        "Some earthquake safety myths include:\n * Myth: Earthquakes only happen in California. (Earthquakes can occur anywhere in the world.)\n * Myth: Doorways are safe havens."
      ]
    },
    {
      "tag": "evacuation_procedures",
      "patterns": [
        "What should I do if there's an evacuation order?",
        "How do I prepare for an evacuation?",
        "What to bring during an evacuation?",
        "Where do I go during an evacuation?"
      ],
      "responses": [
        "Here's what to do if there's an evacuation order: \n 1. Follow instructions from emergency officials. They will provide details on evacuation routes, shelters, and safety precautions. \n 2. Assemble your emergency kit, including essentials like food, water, first-aid supplies, medications, and important documents. \n 3. If time permits, secure your home by shutting off utilities, locking doors, and bringing in outdoor furniture."
      ],
      "questions": [
        "What's in an emergency kit?",
        "How long should I expect to be evacuated?",
        "What can I do with my pets during an evacuation?"
      ],
      "answers": [
        "An emergency kit should contain non-perishable food, water, a first-aid kit, medications, flashlights, batteries, a radio, sanitation supplies, copies of important documents, and a change of clothes. Consider including items specific to your needs, like pet supplies or infant formula.",
        "The evacuation duration depends on the severity of the situation. Emergency officials will provide updates on the estimated timeframe.",
        "Develop a plan for your pets during an evacuation. Consider creating a pet emergency kit with food, water, leash, and medication. Identify pet-friendly shelters or make arrangements with friends or family who can accommodate your pets."
      ],
      "context": [
        "evacuation",
        "emergency preparedness",
        "emergency kit",
        "shelters",
        "pets"
      ]
    },
    {
      "tag": "flood_safety",
      "patterns": [
        "What to do during a flood?",
        "How to stay safe in a flood?",
        "What are the dangers of floods?",
        "How can I prepare my home for a flood?"
      ],
      "responses": [
        "Here are some flood safety tips: \n 1. Stay informed about flood warnings and evacuation orders. \n 2. Move to higher ground if possible. \n 3. Avoid driving through flooded areas. Just 6 inches of moving water can knock you off your feet. \n 4. Do not walk in floodwater. It may be contaminated or contain hidden dangers. \n 5. Turn off utilities at the main breaker box if your home is flooded."
      ],
      "questions": [
        "What should I do after a flood?",
        "How can I prevent flood damage to my property?",
        "What are signs of flood damage in a building?"
      ],
      "answers": [
        "Following a flood, prioritize safety. Wait for the all-clear before returning home. Check for injuries and call emergency services if needed. Avoid flooded areas and wear protective clothing while cleaning up debris. Document damage with photos for insurance claims.",
        "Flood mitigation strategies include elevating your home, installing flood barriers, and waterproofing your basement. Regularly clean gutters and downspouts to divert water away from your foundation.",
        "Signs of flood damage include water stains on walls or floors, warped wood, cracks in foundation, and lingering moisture or mold growth."
      ],
      "context": [
        "flood",
        "safety",
        "evacuation",
        "water damage",
        "mitigation"
      ]
    },
    {
      "tag": "dos_and_donts_cyclone",
      "patterns": [
        "What are the dos and don'ts during a cyclone?",
        "Dos and don'ts for cyclone safety",
        "Cyclone safety guidelines"
      ],
      "responses": [
        "Dos:\n1. Listen to radio updates for information and follow official instructions.\n2. Secure your house by boarding up windows and reinforcing doors.\n3. Stay indoors during the cyclone and away from windows.\n4. Keep emergency supplies handy, including food, water, and batteries.\n5. Remain calm and wait for the cyclone to pass.\n\nDon'ts:\n1. Don't venture outside during the cyclone, even if the winds appear to calm down.\n2. Don't spread rumors or rely on unofficial information.\n3. Don't delay evacuation if instructed to do so by authorities.\n4. Don't forget to switch off electrical mains to avoid hazards.\n5. Don't ignore post-cyclone safety measures, such as clearing debris and reporting losses."
      ],
      "questions": [
        "What should I avoid doing during a cyclone?",
        "What are the important things to remember during a cyclone?",
        "What actions should be avoided for cyclone safety?"
      ],
      "answers": [
        "During a cyclone, it's important to avoid going outside, spreading rumors, delaying evacuation, leaving electrical mains on, and ignoring post-cyclone safety measures."
      ],
      "context": [
        "cyclone safety",
        "emergency procedures",
        "disaster preparedness"
      ]
    },
    {
      "tag": "cyclone_dos_and_donts",
      "patterns": [
        "What are the do's and don'ts before, during, and after a cyclone?",
        "Can you provide guidelines for cyclone preparedness?",
        "What actions should be taken in the event of a cyclone threat?"
      ],
      "responses": [
        "Cyclone preparedness involves following a set of guidelines for various stages, including before, during, and after the cyclone. Here are the do's and don'ts:\n\nBefore the Cyclone Season:\n- Check the house for loose tiles and make necessary repairs to doors and windows.\n- Remove dead branches and secure loose objects that can fly in strong winds.\n- Keep wooden boards ready for boarding up windows if needed.\n- Ensure you have hurricane lanterns, torches, dry cells, and non-perishable food stocked.\n\nDuring the Cyclone Threat:\n- Listen to radio warnings and stay informed about the cyclone's progress.\n- Pass on official information and avoid spreading rumors.\n- Stay alert and monitor warnings for 24 hours if a cyclone alert is issued.\n\nWhen Cyclone Alerts Are Issued:\n- Move away from low-lying areas and head to high ground or shelter.\n- Board up windows, secure doors, and store loose objects safely.\n- Store extra food and drinking water, and move valuables to upper floors if evacuating.\n\nDuring the Cyclone:\n- Stay indoors and do not venture outside, even if the winds calm down.\n\nWhen Evacuation is Instructed:\n- Pack essentials for yourself and your family and head to designated shelters.\n- Follow instructions of authorities and remain in the shelter until it's safe to leave.\n\nPost-Cyclone Measures:\n- Remain in the shelter until informed it's safe to return home.\n- Get vaccinated against diseases and avoid loose wires and debris.\n- Clear debris from your premises and report losses to appropriate authorities."
      ],
      "questions": [
        "What precautions should be taken before a cyclone?",
        "How should one stay informed during a cyclone threat?",
        "What actions should be taken during a cyclone evacuation?",
        "What measures should be followed post-cyclone?"
      ],
      "answers": [
        "Before a cyclone, precautions include securing loose objects, boarding up windows, stocking up on essentials, and ensuring safety measures are in place.",
        "To stay informed during a cyclone threat, listen to radio warnings, avoid spreading rumors, and monitor official information sources.",
        "During a cyclone evacuation, pack essentials, head to designated shelters, and follow instructions from authorities.",
        "Post-cyclone measures include remaining in shelters until informed it's safe to return, getting vaccinated, avoiding hazards, clearing debris, and reporting losses to authorities."
      ],
      "context": [
        "cyclone",
        "emergency preparedness",
        "evacuation",
        "post-disaster measures",
        "emergency response"
      ]
    },
    {
      "tag": "cyclone tips",
      "patterns": [
        "Do you have any additional cyclone safety tips?",
        "Random cyclone safety advice",
        "Cyclone safety tip"
      ],
      "responses": [
        "Here's a random cyclone safety tip: Before a cyclone, fill your bathtub with water. This water can be used for sanitation purposes if regular water supply is disrupted during the cyclone."
      ],
      "questions": [
        "What's a creative way to prepare for a cyclone?",
        "Do you have any unconventional cyclone safety tips?",
        "Can you suggest a unique cyclone preparedness strategy?"
      ],
      "answers": [
        "An unconventional way to prepare for a cyclone is to fill your bathtub with water before the storm hits. This water can serve as an additional source for sanitation needs if regular water supply is interrupted."
      ],
      "context": [
        "cyclone preparedness",
        "emergency planning",
        "disaster readiness"
      ]
    },
    {
      "tag": "post_cyclone_measures",
      "patterns": [
        "What should be done after a cyclone?",
        "Can you provide post-cyclone measures?",
        "What actions should be taken after a cyclone?"
      ],
      "responses": [
        "After a cyclone, it's important to take the following post-cyclone measures:\n\n1. Remain in Shelter: Stay in the shelter until authorities inform you that it's safe to return home.\n2. Get Vaccinated: Inoculate yourself against diseases as soon as possible to prevent outbreaks.\n3. Avoid Loose Wires: Strictly avoid any loose or dangling wires from lamp posts to prevent electrical hazards.\n4. Drive Carefully: If you need to drive, do so cautiously, as roads may be damaged or obstructed.\n5. Clear Debris: Immediately clear debris from your premises to prevent further hazards and facilitate recovery efforts.\n6. Report Losses: Report any damages or losses accurately to the appropriate authorities for assistance and support."
      ],
      "questions": [
        "What should I do immediately after a cyclone?",
        "How can I ensure safety after a cyclone?",
        "What precautions should be taken post-cyclone?"
      ],
      "answers": [
        "Immediately after a cyclone, stay in the shelter until authorities declare it safe to return, get vaccinated against diseases, avoid loose wires, drive carefully if necessary, clear debris promptly, and report losses accurately to authorities."
      ],
      "context": [
        "cyclone",
        "post-disaster measures",
        "emergency response",
        "safety precautions"
      ]
    }
  ]
}